{"log_stds": [-0.7944340705871582, -0.5376966595649719, -0.6501467823982239, -0.5758213400840759], "observation_length": 12, "action_length": 4, "mean": [0.6217841303493657, 0.00532892810479176, 0.12178413033762375, 0.00532892810479176, 0.16847250849084097, 0.005349082108567608, 0.8141195504676049, 0.0008165419947004002, -0.3307235897801355, 0.8546223156290743, -0.3677456992848195, 0.8525814093962785], "var": [0.004106941591094638, 0.0246567645813159, 0.0041069415830379645, 0.0246567645813159, 0.012246039985945202, 0.0248903606379168, 0.01215679542376202, 0.03816550329170577, 0.089173265883038, 0.07106933864321001, 0.09677510361325702, 0.04109293741910313], "clip": 1.0, "epsilon": 1e-08, "policy_type": "STABLE_BASELINES3_PPO"}