{"log_stds": [-1.0113252401351929, -1.546547770500183, -1.3580611944198608, -0.8642111420631409], "observation_length": 12, "action_length": 4, "mean": [0.6219278542404982, 0.004653722042272902, 0.12192785421184908, 0.004653722042272902, 0.18581757787024503, 0.006212214210037044, 0.797674007234488, 0.00020485665166565964, -0.3798762886869816, 0.7890041111131786, -0.41022345187781295, 0.7697949020754892], "var": [0.004054224958819532, 0.02090453427519816, 0.004054224951476775, 0.02090453427519816, 0.011232791767800645, 0.03746082244859845, 0.011206347519681387, 0.04236613911141146, 0.09853149216468163, 0.13463502575047445, 0.15527264533020738, 0.0838598829627786], "clip": 1.0, "epsilon": 1e-08, "policy_type": "STABLE_BASELINES3_PPO"}