{"log_stds": [-1.1904302835464478, -1.1815528869628906, -0.9015339016914368],"policy_type": "STABLE_BASELINES3_PPO", "observation_length": 12, "action_length": 3, "mean": [-0.01064110424314699, 0.006291020032784409, -0.2641884869467409, 0.0051113481542700385, 0.01852154351334016, 0.020706576947425084, 0.2239193601866015, -0.015274514230624123, -0.12532936224530125, 0.8668459339575451, -0.22389216670904358, 0.6784877540152375], "var": [0.06539802354486222, 0.01808312362274131, 0.0727053881690032, 0.022558776873025942, 0.01296405720932632, 0.016601326183507705, 0.061508613551097865, 0.01755113808448396, 0.09768844486328825, 0.13518223300126156, 0.238981206539001, 0.2505454585560469], "clip": 1.0, "epsilon": 1e-08}