{"log_stds": [-1.0968186855316162, -1.0215718746185303, -0.8640615940093994], "observation_length": 12, "action_length": 3, "mean": [0.0039997934573212475, 0.002367553119276621, -0.24675962251779768, 0.0017304852042477473, 0.01944376264689979, 0.020265859747061358, 0.23490788483633973, -0.019311044227595858, -0.11571406221676854, 0.8581278327896781, -0.23529137878699669, 0.646083611712216], "var": [0.06540642855052405, 0.019136097334879032, 0.07187320281613481, 0.022678857991596666, 0.013610601587235193, 0.01784865100954619, 0.061280621299349546, 0.01906489033294383, 0.10460043753037279, 0.14562644113603482, 0.2608696665178997, 0.2663442670546394], "clip": 1.0, "epsilon": 1e-08}