{"log_stds": [-0.4065346121788025, -0.4031236469745636, -0.2594844102859497], "observation_length": 12, "action_length": 3, "mean": [-0.005806397384920047, 0.003432741699750167, -0.144156405640088, 0.0027890449974196153, 0.06536219035469812, 0.027435240832788657, 0.12328851788596483, -0.02399044791552242, -0.08602499025504777, 0.8813988972890313, -0.13204132970206683, 0.6161643087627686], "var": [0.03571298840084587, 0.009877002138825492, 0.056975627231778736, 0.012315840777922452, 0.028522004554727774, 0.02834999185185091, 0.049669716935344464, 0.041334689626180594, 0.10413399150057064, 0.11160169350313635, 0.3486281221069851, 0.2542785095694024],"policy_type": "STABLE_BASELINES3_PPO", "clip": 1.0, "epsilon": 1e-08}
