{"log_stds": [-0.9697156548500061, -0.5996803641319275, -0.6219919323921204, -0.6486764550209045], "observation_length": 12, "action_length": 4, "mean": [0.4928458227572256, 0.0056342581832402585, 0.1011791561517364, 0.0056342581832402585, 0.17396438225089944, -0.0003848443769705973, 0.5857083766201913, 0.005287756919129975, -0.18953234562413473, 0.7831509089051579, -0.24581463761635972, 0.9392461965753917], "var": [0.0027521693606228107, 0.04434786336162351, 0.002752169354026453, 0.04434786336162351, 0.006147789370679362, 0.05750101131132101, 0.005234249914711316, 0.06943994822507138, 0.2706751540025158, 0.08007698997506277, 0.035238728932336656, 0.022153017035014193], "clip": 1.0, "epsilon": 1e-08, "policy_type": "STABLE_BASELINES3_PPO"}