{"log_stds": [-1.3253477811813354, -0.8454333543777466, -1.0336445569992065, -0.8337865471839905], "observation_length": 12, "action_length": 4, "mean": [0.6081825921113612, 0.02672235056482588, 0.21651592547477994, 0.02672235056482588, 0.17819137398510562, 0.030204816344268377, 0.6964519073776304, -0.001434818032599544, -0.28701664376086733, 0.8910830060371953, -0.34958116371375214, 0.8662581700148169], "var": [0.0025539401976963473, 0.03357317611878327, 0.002553940198877687, 0.03357317611878327, 0.014734103404368216, 0.03244974713592921, 0.013624786472067375, 0.04289608376551169, 0.07295597187424394, 0.05063655064784534, 0.07473800649923036, 0.05265178629913423], "clip": 1.0, "epsilon": 1e-08, "policy_type": "STABLE_BASELINES3_PPO"}