{"log_stds": [-1.311845302581787, -0.9606856107711792, -0.9057144522666931], "observation_length": 12, "action_length": 3, "mean": [0.6226776038445545, 0.03455262949903815, 0.12267760380722208, 0.03455262949903815, 0.1649972906015456, 0.03401240139224273, 0.8188976698014158, -0.0009556581321550871, -0.19762107438297016, 0.9263546862111229, -0.3281932229414602, 0.8689427073982352], "var": [0.004134610288315147, 0.022323119904512953, 0.00413461028071182, 0.022323119904512953, 0.012584226674342254, 0.026247348363769945, 0.012531497738381345, 0.036907618860871065, 0.06734962319965128, 0.03546328336324605, 0.10086740388682226, 0.03636037569535716], "clip": 1.0, "epsilon": 1e-08}