{"log_stds": [-1.1233917474746704, -0.9521422386169434, -0.8327922821044922], "observation_length": 12, "action_length": 3, "mean": [0.6206049754765367, 0.03688504519104037, 0.12060497541035542, 0.03688504519104037, 0.16185103154098848, 0.03986027216549011, 0.8196708319567905, -0.0013014219677772092, -0.21804706451414635, 0.9166440329010769, -0.374671516216722, 0.8445681264544805], "var": [0.004342505427751796, 0.02295220700530406, 0.004342505420441231, 0.02295220700530406, 0.012785681101598029, 0.025267139384189702, 0.012524589862374874, 0.037019219865125075, 0.06940066869841185, 0.04281852601877413, 0.11009157241458614, 0.036234362047526426], "clip": 1.0, "epsilon": 1e-08, "policy_type": "STABLE_BASELINES3_PPO"}