{"log_stds": [-0.8168392181396484, -0.9904922246932983, -0.8240957856178284], "observation_length": 12, "action_length": 3, "mean": [-0.05073056948831551, 0.01674419383697621, 0.19756874651939982, 0.01674419383697621, -0.047883771129167974, 0.0009020297859755942, -0.1977019768242179, 0.01641765192963455, -0.03567604412894212, 0.8477834678354839, -0.106423713219057, 0.757550904195977], "var": [0.030882471190767747, 0.0039017224058991804, 0.03276373183361008, 0.0039017224058991804, 0.007361960139158932, 0.005925967273452822, 0.027866047969841004, 0.008573756499707914, 0.18167570972916394, 0.09831470182122005, 0.26218662894280487, 0.15260399199903021], "clip": 1.0, "epsilon": 1e-08}