{"log_stds": [-0.8370846509933472, -0.7656623721122742, -0.7729118466377258], "observation_length": 12, "action_length": 3, "mean": [0.4409266016490911, 0.08090004146334986, 0.04925993498886424, 0.08090004146334986, 0.04156779559359433, 0.09140131457886178, 0.6663660896072788, -0.008225086887318213, 0.07718823786048852, 0.8939349619040771, -0.16268692515342012, 0.5891828848124714], "var": [0.031226642225960607, 0.059051556217530984, 0.03122664220400901, 0.059051556217530984, 0.05377155550223067, 0.06961050833313057, 0.015411629021756083, 0.051880876826285324, 0.09807875233542517, 0.09684350766025604, 0.33717957404234317, 0.28921691859111975], "policy_type": "STABLE_BASELINES3_PPO","clip": 1.0, "epsilon": 1e-08}