{"log_stds": [-1.5754026174545288, 2.8600919246673584, 3.0088601112365723, 6.845334053039551], "observation_length": 12, "action_length": 4, "policy_type": "multi_rew", "mean": [0, 0], "var": [0, 0], "clip": 0.0, "epsilon": 0}