{"log_stds": [-0.7125140428543091, -0.2367108017206192, -0.2864002585411072, -0.2944585680961609], "observation_length": 12, "action_length": 4, "mean": [0.6150406367767969, 0.03702151394665355, 0.22337396987499222, 0.03702151394665355, 0.24522541985771312, 0.03179095756266895, 0.6368307278464453, 0.008448906328873249, -0.2202532444851288, 0.8893371136410595, -0.29538655584983997, 0.8672647618172995], "var": [0.0023743323316677755, 0.007698851885625539, 0.002374332290814383, 0.007698851885625539, 0.011393931251109475, 0.018076111018586194, 0.011413346191424032, 0.05450339312842926, 0.08232813096078259, 0.07823987591543481, 0.09234215468420487, 0.06825646140811355], "clip": 1.0, "epsilon": 1e-08, "policy_type": "STABLE_BASELINES3_PPO"}