{"log_stds": [-0.13550464808940887, -0.11385317146778107, -0.1430625170469284], "observation_length": 12, "action_length": 3, "mean": [0.49802603566338527, 0.0070500270263509504, 0.10635936897687447, 0.0070500270263509504, 0.12999802416979836, 0.01172001553402663, 0.6345784080781667, -0.003896758713445509, -0.34399420917809437, 0.6787677319058973, -0.4863803863787449, 0.7398689326760989], "var": [0.004572259188330094, 0.03647295524786143, 0.0045722591821289295, 0.03647295524786143, 0.007876389584196453, 0.04567822610644241, 0.008922516452166131, 0.056676323422079594, 0.20054085463944613, 0.22040149567738268, 0.11288462922907035, 0.10314345282252345], "clip": 1.0, "epsilon": 1e-08, "policy_type": "STABLE_BASELINES3_PPO"}