{"log_stds": [0.05593801289796829, 0.184111088514328, 0.23615063726902008, 0.12856653332710266], "observation_length": 12, "action_length": 4, "mean": [-0.05571527106513992, 0.06425144135557381, 0.1956376234285294, 0.06504451939126664, -0.008329570140715297, 0.08353752160015233, -0.29668286551743084, -0.020513649922033004, 0.13619393663666934, 0.7837691744232576, 0.3936366586591493, 0.4387695042108837], "var": [0.05219790710983666, 0.03202084242264413, 0.0465188304078481, 0.031799786916282755, 0.05289264886484324, 0.0399133877154659, 0.07450344298241682, 0.028162525002842418, 0.168797554024641, 0.19835953891852856, 0.24631166915380612, 0.4062198339045599], "clip": 1.0, "epsilon": 1e-08}