{"observation_length": 8, "action_length": 3, "policy_type": "CORL_CQL", "mean": [0.038763340562582016, 0.01203327439725399, 0.3144630491733551, 0.03096381574869156, -0.150969460606575, 0.9495219588279724, -0.13168120384216309, 0.9270860552787781], "var": [0.0004874278035843539, 0.0018401306341182672, 0.02548642804655632, 0.005862068769444173, 0.07184111279936989, 0.004451048573941074, 0.11426642368761097, 0.009786265088239043], "clip": 1000, "epsilon": 0}