{"observation_length": 8, "action_length": 3, "policy_type": "CORL_CQL", "mean": [0.05178355798125267, 0.014739572070538998, 0.13503165543079376, -0.043847955763339996, -0.30266082286834717, 0.9326439499855042, -0.7174118757247925, 0.6595887541770935], "var": [0.004839222625466988, 0.003358731136680629, 0.034456862571447866, 0.0014855769832545912, 0.024278111557269, 0.014848773131641346, 0.03443777402880244, 0.016451434541061793], "clip": 1000, "epsilon": 0}