{"observation_length": 8, "action_length": 3, "policy_type": "CORL_CQL", "mean": [0.038176439702510834, -0.0006323124398477376, 0.27384087443351746, -0.003887924598529935, -0.01635514572262764, 0.9497249722480774, -0.008517485111951828, 0.8886193633079529], "var": [0.0005390061724983332, 0.001978149588572911, 0.0257330180313895, 0.015324669582651718, 0.09443869429686913, 0.004450657882137998, 0.19208101314917148, 0.019537927641067654], "clip": 1000, "epsilon": 0}